complaint_text,product
# ------------------- ELECTRICITY -------------------
light gone,Electricity
bijli chali gayi,Electricity
power cut,Electricity
no current,Electricity
electrcity issue,Electricity
fuse down,Electricity
streetlight broken,Electricity
ligt blink,Electricity
power outage,Electricity
light fuse,Electricity
bulb burst,Electricity
tar tut gaya,Electricity
wire tut gayi,Electricity
transformer phat gaya,Electricity
light blink ho rahi hai,Electricity
bijli gayi,Electricity
light,Electricity
power,Electricity
current,Electricity
bijli,Electricity
light chali gayi,Electricity
light nahi aa rahi,Electricity
bijli band ho gayi,Electricity
power chala gaya,Electricity
power supply gone,Electricity
light cut ho gaya,Electricity
load shedding ho rahi hai,Electricity
current nahi hai,Electricity
bijli kaam nahi kar rahi,Electricity
tar latak raha hai,Electricity
tar loose hai,Electricity
wire jhul raha hai,Electricity
transformer se awaaz aa rahi,Electricity
transformer se dhuaan aa raha,Electricity
electric pole gir gaya,Electricity
bijli blink kar rahi hai,Electricity
light on off ho rahi hai,Electricity
current aa jaata hai fir chala jaata hai,Electricity
phase cut ho gaya,Electricity
single phase only,Electricity
3 phase nahi aa raha,Electricity
electric short circuit,Electricity
electric spark,Electricity
pole se spark aa raha,Electricity
meter kaam nahi kar raha,Electricity
meter band hai,Electricity
electric meter damage,Electricity
fuse ud gaya,Electricity
fuse box broken,Electricity
streetlight on nahi hai,Electricity
street light damage,Electricity
street light jal nahi rahi,Electricity
streetlight band,Electricity
pole light fuse,Electricity
light ka bulb foot gaya,Electricity
bulb kharab ho gaya,Electricity
tube light flicker kar rahi hai,Electricity
tube light band hai,Electricity
current weak hai,Electricity
voltage low,Electricity
voltage high,Electricity
light ki voltage zyada hai,Electricity
current se shock lag raha,Electricity
electric wire cut,Electricity
tar toot gaya,Electricity
pole gir gaya,Electricity
tar zameen pe gir gaya,Electricity
wire se chingari,Electricity
electric wire leak current,Electricity
switch board heat ho raha hai,Electricity
plug se spark aa raha,Electricity
socket damage,Electricity
plug kaam nahi kar raha,Electricity
apartment mein bijli gayi,Electricity
ghar mein light nahi hai,Electricity
office ka power cut,Electricity
shop ka bijli band,Electricity
market mein power nahi,Electricity
factory mein bijli gayi,Electricity
school mein light chali gayi,Electricity
hospital mein light band,Electricity
emergency power cut,Electricity
generator start nahi ho raha,Electricity
UPS kaam nahi kar raha,Electricity
inverter charge nahi ho raha,Electricity
electric panel damage,Electricity
MCB trip ho gaya,Electricity
electric board kaam nahi kar raha,Electricity
overhead wire damage,Electricity
underground cable cut,Electricity
electric pole bend,Electricity
tar loose ho gaya,Electricity
line se current nahi aa raha,Electricity
power restore karo,Electricity
light jalane ka request,Electricity
streetlight repair karo,Electricity
transformer replace karo,Electricity
tar fix karo,Electricity
voltage issue fix karo,Electricity
line kaam nahi kar rahi,Electricity
electric fault,Electricity
electric repair chahiye,Electricity
electric kaam pending,Electricity
load shedding problem,Electricity
light blink fix karo,Electricity
electric supply irregular,Electricity
current kab aayega,Electricity
bijli kab aayegi,Electricity
power ka time batao,Electricity
power cut schedule,Electricity
unexpected power cut,Electricity
sudden power cut,Electricity
line testing ho rahi hai,Electricity
electric wire hanging,Electricity
electric pole broken,Electricity
wire joint loose,Electricity
transformer blast,Electricity
tar se fire,Electricity
light repair urgent,Electricity
power failure,Electricity
electric blackout,Electricity
electric shutdown,Electricity
electric tripping,Electricity
short circuit repair,Electricity
power surge,Electricity
voltage fluctuation,Electricity
low voltage supply,Electricity
high voltage problem,Electricity
electric burn smell,Electricity
burning wire smell,Electricity
main switch off,Electricity
main line cut,Electricity
power ka connection cut,Electricity
bijli ka bill issue,Electricity
meter reading wrong,Electricity
meter ka display off,Electricity
meter seal broken,Electricity
meter change chahiye,Electricity
electric bill zyada aaya,Electricity
electric disconnection,Electricity
electric reconnection,Electricity
light repair karo,Electricity
power restore karo urgent,Electricity
tar replace karo,Electricity
pole repair karo,Electricity
streetlight install karo,Electricity
light jal nahi rahi,Electricity
lamp fuse ho gaya,Electricity
lamp post down,Electricity
pole wire loose,Electricity
electric accident,Electricity
electric hazard,Electricity
shock danger,Electricity
electric safety issue,Electricity
electric problem urgent,Electricity


# ------------------- WATER SUPPLY -------------------
tap water dirty,Water Supply
no water,Water Supply
paani nahi aa raha,Water Supply
water cut,Water Supply
tap dry,Water Supply
low water,Water Supply
paani ka pressure kam hai,Water Supply
water leak,Water Supply
pipe leak ho gaya,Water Supply
tank khaali,Water Supply
paani mein badbu hai,Water Supply
muddy water,Water Supply
smelly water,Water Supply
water shortage,Water Supply
nal ka paani ganda hai,Water Supply
paani,Water Supply
water,Water Supply
nal,Water Supply
pipe,Water Supply
tank,Water Supply
no water at home,Water Supply
ghar mein paani nahi aa raha,Water Supply
water cut ho gaya,Water Supply
paani band hai,Water Supply
no water supply,Water Supply
paani ka supply band,Water Supply
tap dry hai,Water Supply
nal se paani nahi aa raha,Water Supply
pipe se paani band,Water Supply
paani nahi aa raha subah se,Water Supply
water ka pressure low,Water Supply
paani ka pressure kam hai,Water Supply
low water pressure,Water Supply
tap water slow,Water Supply
pipe leak ho gaya,Water Supply
paani leak ho raha hai,Water Supply
water leakage from pipe,Water Supply
pipe se paani gir raha hai,Water Supply
tank khaali ho gaya,Water Supply
water tank empty,Water Supply
paani khatam ho gaya,Water Supply
paani nahi bhar raha,Water Supply
tap se ganda paani aa raha,Water Supply
dirty water supply,Water Supply
paani ka rang badal gaya,Water Supply
brown water aa raha,Water Supply
muddy water aa raha,Water Supply
smelly water supply,Water Supply
paani mein badbu hai,Water Supply
water me gandagi hai,Water Supply
nal ka paani ganda hai,Water Supply
water contaminated,Water Supply
paani unsafe hai,Water Supply
paani peene layak nahi hai,Water Supply
paani filter nahi hai,Water Supply
tap broken hai,Water Supply
nal tut gaya,Water Supply
water tap damage,Water Supply
tap ka handle toot gaya,Water Supply
pipe burst ho gaya,Water Supply
pipeline damage,Water Supply
underground pipe leak,Water Supply
overhead tank leak,Water Supply
paani overflow ho raha hai,Water Supply
water overflow,Water Supply
tank se paani gir raha hai,Water Supply
paani bhar gaya tank se,Water Supply
motor kaam nahi kar raha,Water Supply
water pump broken,Water Supply
pump ka switch kaam nahi kar raha,Water Supply
pump se paani nahi aa raha,Water Supply
motor repair chahiye,Water Supply
motor se awaz aa rahi,Water Supply
motor burn smell,Water Supply
water meter kaam nahi kar raha,Water Supply
paani ka bill galat hai,Water Supply
paani ka connection cut,Water Supply
water supply time change,Water Supply
paani jaldi band ho gaya,Water Supply
water timing problem,Water Supply
paani ka schedule change,Water Supply
night water supply band,Water Supply
morning water supply band,Water Supply
water tanker chahiye,Water Supply
paani tanker ki request,Water Supply
emergency water chahiye,Water Supply
no water from tanker,Water Supply
tanker late aaya,Water Supply
tanker se ganda paani aaya,Water Supply
pipe mein hawa aa rahi hai,Water Supply
air lock in water pipe,Water Supply
paani ka flow irregular,Water Supply
water ka flow ruk gaya,Water Supply
paani pressure zyada hai,Water Supply
high pressure se pipe foot gaya,Water Supply
paani se awaz aa rahi,Water Supply
pipe line block ho gaya,Water Supply
water blockage in pipe,Water Supply
line flush karni hai,Water Supply
line mein kachra jam gaya,Water Supply
water ka taste kharab hai,Water Supply
paani mein tel ki smell hai,Water Supply
water smell chemical,Water Supply
chlorine smell zyada hai,Water Supply
water chlorination needed,Water Supply
water filter change karo,Water Supply
RO kaam nahi kar raha,Water Supply
filter water slow hai,Water Supply
paani ki supply irregular,Water Supply
barish mein paani band ho gaya,Water Supply
summer mein paani kam hai,Water Supply
winter mein paani late aata hai,Water Supply
paani ka complaint register karo,Water Supply
jal board ko complaint,Water Supply
water department call karo,Water Supply
jal board ka number chahiye,Water Supply
water supply restore karo,Water Supply
paani ka pressure badhao,Water Supply
pipe repair urgent,Water Supply
motor repair urgent,Water Supply
tank clean karo,Water Supply
overhead tank saaf nahi hai,Water Supply
underground tank saaf karo,Water Supply
paani ka taste change karo,Water Supply
filtered water chahiye,Water Supply
jal supply theek karo,Water Supply
no water since morning,Water Supply
no water since yesterday,Water Supply
water issue urgent,Water Supply
paani ka problem solve karo,Water Supply
paani ka shortage fix karo,Water Supply
paani ka leak repair karo,Water Supply
pipeline change karo,Water Supply
tanker paani jaldi bhejo,Water Supply
emergency jal supply,Water Supply
tap ka nut tight karo,Water Supply
tap fitting theek karo,Water Supply
water ka filter install karo,Water Supply
motor fitting karo,Water Supply
paani ka line extend karo,Water Supply
ghar tak paani ka connection do,Water Supply
pipe ka valve change karo,Water Supply
paani ka bill clear karo,Water Supply
water meter repair karo,Water Supply
paani ka record wrong hai,Water Supply
jal ka connection cut mat karo,Water Supply
jal ka bill zyada aaya,Water Supply


# ------------------- SANITATION -------------------
garbage collection missed,Sanitation
kooda nahi utha,Sanitation
overflowing dustbin,Sanitation
waste not cleared,Sanitation
gali ganda hai,Sanitation
trash on road,Sanitation
dirty street,Sanitation
unclean area,Sanitation
garbage smell,Sanitation
garbage heap,Sanitation
kachra bahut jama ho gaya,Sanitation
cleaning staff nahi aaya,Sanitation
public bin full,Sanitation
unclean drains,Sanitation
waste,Sanitation
kachra,Sanitation
kooda,Sanitation
garbage,Sanitation
dustbin,Sanitation
refuse,Sanitation
garbage not collected,Sanitation
kooda nahi utha,Sanitation
kachra nahi uthaya,Sanitation
dustbin overflow ho raha hai,Sanitation
dustbin full hai,Sanitation
overflowing bin,Sanitation
garbage heap road pe,Sanitation
kachra road pe phela hai,Sanitation
gali ganda hai,Sanitation
street dirty hai,Sanitation
unclean gali,Sanitation
gali mein badbu hai,Sanitation
smelly street,Sanitation
garbage smell aa raha,Sanitation
kachra ki badbu,Sanitation
foul smell from waste,Sanitation
public dustbin full hai,Sanitation
bin ka cover missing,Sanitation
garbage dump road ke side,Sanitation
kachra dump ho gaya,Sanitation
street pe waste,Sanitation
road pe kachra,Sanitation
waste scattered,Sanitation
trash everywhere,Sanitation
unclean drains,Sanitation
drain mein kachra,Sanitation
nali mein waste,Sanitation
garbage blocking drain,Sanitation
kachra bahut jama hai,Sanitation
waste collection late,Sanitation
garbage truck late,Sanitation
kachra gaadi nahi aayi,Sanitation
waste van nahi aayi,Sanitation
municipal waste gaadi missing,Sanitation
garbage pick up missed,Sanitation
cleaning staff absent,Sanitation
safai karmchari nahi aaya,Sanitation
safai staff absent,Sanitation
street cleaning nahi hui,Sanitation
area dirty hai,Sanitation
public area dirty,Sanitation
garden mein kachra,Sanitation
park dirty,Sanitation
playground mein garbage,Sanitation
school ke paas waste,Sanitation
hospital ke bahar garbage,Sanitation
market area dirty,Sanitation
market mein foul smell,Sanitation
safai nahi ho rahi,Sanitation
daily cleaning nahi hoti,Sanitation
weekly cleaning missing,Sanitation
dirty colony,Sanitation
area unhygienic hai,Sanitation
garbage flies aa rahe,Sanitation
kachra pe machhar,Sanitation
waste pe keede makode,Sanitation
garbage se bimari fail rahi,Sanitation
kachra se smell bahut hai,Sanitation
garbage se gandagi fail rahi,Sanitation
open garbage dump,Sanitation
garbage without cover,Sanitation
waste ka dhankna missing,Sanitation
kachra openly phela hai,Sanitation
waste openly dump hua,Sanitation
plastic waste road pe,Sanitation
plastic bags scattered,Sanitation
paper waste everywhere,Sanitation
construction waste road pe,Sanitation
mala kachra jama hai,Sanitation
debris road pe,Sanitation
building waste road pe,Sanitation
waste ka removal karo,Sanitation
garbage removal request,Sanitation
kachra saaf karo,Sanitation
dustbin clean karo,Sanitation
public bin wash karo,Sanitation
bin ka dhakkan lagao,Sanitation
garbage pick up karo,Sanitation
truck bhejo waste le jane,Sanitation
kachra van bhejo,Sanitation
garbage clearance chahiye,Sanitation
bin replace karo,Sanitation
broken bin replace karo,Sanitation
damaged bin replace karo,Sanitation
waste segregation nahi hua,Sanitation
dry waste aur wet waste mix,Sanitation
recycling nahi hua,Sanitation
waste recycle system fail,Sanitation
compost pit overflow,Sanitation
garbage dump remove karo,Sanitation
kachra jal raha hai,Sanitation
burning garbage smell,Sanitation
smoke from waste burning,Sanitation
illegal garbage dump,Sanitation
kachra illegal dump ho raha,Sanitation
private property pe waste dump,Sanitation
roadside waste pick karo,Sanitation
road cleaning urgent,Sanitation
safai urgent chahiye,Sanitation
emergency cleaning,Sanitation
festival ke baad waste,Sanitation
mela ke baad garbage,Sanitation
event ke baad kachra,Sanitation
waste clearance after function,Sanitation
animal waste road pe,Sanitation
dog waste,Sanitation
cow dung road pe,Sanitation
bird droppings,Sanitation
animal dead body road pe,Sanitation
dead animal smell,Sanitation
waste se badbu bahut,Sanitation
gali saaf nahi hai,Sanitation
slum area dirty,Sanitation
basti mein kachra,Sanitation
unauthorised dumping,Sanitation
garbage ka illegal disposal,Sanitation
night cleaning nahi hoti,Sanitation
morning cleaning nahi hoti,Sanitation
cleaning schedule follow nahi,Sanitation
maintenance fail,Sanitation
street sweep nahi hui,Sanitation
road pe mitti,Sanitation
dust pollution road pe,Sanitation
kachra se road block,Sanitation
bin relocate karo,Sanitation
waste ka bin shift karo,Sanitation
extra bins chahiye,Sanitation
bin shortage,Sanitation
large bin chahiye,Sanitation
community bin install karo,Sanitation
gutter mein garbage,Sanitation
drain ka cover garbage se block,Sanitation
waste collection point dirty,Sanitation
waste dump smell,Sanitation
garbage pickup daily karo,Sanitation
weekly pickup kam hai,Sanitation
public toilet dirty,Sanitation
urinal dirty,Sanitation
toilet smell,Sanitation
washroom cleaning chahiye,Sanitation
public restroom ka maintenance nahi,Sanitation
toilet ka flush broken,Sanitation
urinal ka water supply band,Sanitation
public toilet ke bahar waste,Sanitation
toilet ke paas kachra,Sanitation


# ------------------- ROAD MAINTENANCE -------------------
road potholes,Road Maintenance
road mein gaddha,Road Maintenance
bumpy road,Road Maintenance
sadak toot gayi,Road Maintenance
road crack,Road Maintenance
hole in road,Road Maintenance
road damaged,Road Maintenance
bridge pe crack hai,Road Maintenance
footpath tut gaya,Road Maintenance
road unsafe,Road Maintenance
manhole cover missing,Road Maintenance
cycle track broken,Road Maintenance
bad road,Road Maintenance
sadak,Road Maintenance
road,Road Maintenance
gaddha,Road Maintenance
bridge,Road Maintenance
footpath,Road Maintenance
asphalt,Road Maintenance
street,Road Maintenance
road potholes,Road Maintenance
road mein gaddha,Road Maintenance
sadak pe gaddha hai,Road Maintenance
bumpy road,Road Maintenance
uneven road surface,Road Maintenance
sadak toot gayi,Road Maintenance
road crack,Road Maintenance
sadak mein crack, Road Maintenance
hole in road,Road Maintenance
sadak mein bada hole,Road Maintenance
road damaged,Road Maintenance
sadak damage ho gaya,Road Maintenance
bridge pe crack hai,Road Maintenance
pull toot raha hai,Road Maintenance
footpath tut gaya,Road Maintenance
sidewalk broken,Road Maintenance
footpath ka tile nikal gaya,Road Maintenance
cycle track broken,Road Maintenance
cycle path damage,Road Maintenance
road unsafe,Road Maintenance
dangerous road,Road Maintenance
manhole cover missing,Road Maintenance
manhole ka dhakkan khula,Road Maintenance
open manhole,Road Maintenance
road ke beech hole hai,Road Maintenance
bad road,Road Maintenance
sadak kharab hai,Road Maintenance
road,Road Maintenance
sadak,Road Maintenance
gaddha,Road Maintenance
bridge,Road Maintenance
footpath,Road Maintenance
asphalt,Road Maintenance
road tar kharab,Road Maintenance
street,Road Maintenance
gali kharab,Road Maintenance
road patching needed,Road Maintenance
sadak patch karo,Road Maintenance
asphalt lagana hai,Road Maintenance
road resurfacing chahiye,Road Maintenance
road widening request,Road Maintenance
sadak chaurai badhao,Road Maintenance
road ka paint gayab,Road Maintenance
lane marking missing,Road Maintenance
speed breaker broken,Road Maintenance
bump kharab hai,Road Maintenance
speed hump missing,Road Maintenance
road signs missing,Road Maintenance
signboard gira hua,Road Maintenance
road pe debris hai,Road Maintenance
stones road pe,Road Maintenance
mud road pe,Road Maintenance
road pe construction waste,Road Maintenance
repair ka kaam incomplete,Road Maintenance
roadwork chal raha hai,Road Maintenance
construction se road block,Road Maintenance
detour road, Road Maintenance
road diversion ka board missing,Road Maintenance
streetlight ke pole se road block,Road Maintenance
flood water road pe,Road Maintenance
paani se road damage,Road Maintenance
rain se road kharab,Road Maintenance
snow road pe,Road Maintenance
ice se road slippery,Road Maintenance
road slippery hai,Road Maintenance
oil spill road pe,Road Maintenance
tar coal nikal raha,Road Maintenance
cement road crack,Road Maintenance
paver block broken,Road Maintenance
footpath pe obstacle,Road Maintenance
sidewalk pe debris,Road Maintenance
footpath ka slope kharab,Road Maintenance
crosswalk ka paint missing,Road Maintenance
zebra crossing faint ho gaya,Road Maintenance
signal ke paas road kharab,Road Maintenance
junction pe gaddha,Road Maintenance
highway damaged,Road Maintenance
expressway ka patch kharab,Road Maintenance
service road kharab,Road Maintenance
internal road kharab,Road Maintenance
residential road crack,Road Maintenance
industrial area road damage,Road Maintenance
market road broken,Road Maintenance
school ke paas road kharab,Road Maintenance
hospital ke paas road kharab,Road Maintenance
bus stop ke paas road damage,Road Maintenance
railway crossing road broken,Road Maintenance
culvert damage,Road Maintenance
drain cover broken,Road Maintenance
roadside slope collapse,Road Maintenance
embankment damaged,Road Maintenance
road pe weeds ug gaye,Road Maintenance
overgrown grass footpath pe,Road Maintenance
tree roots road tod diye,Road Maintenance
road block by fallen tree,Road Maintenance
road block by landslide,Road Maintenance
road block by accident,Road Maintenance
road cleaning chahiye,Road Maintenance
dust pollution road pe,Road Maintenance
muddy road,Road Maintenance
kachcha road kharab,Road Maintenance
road grading needed,Road Maintenance
gravel road damaged,Road Maintenance
brick road broken,Road Maintenance
road ka surface uneven,Road Maintenance
road erosion,Road Maintenance
road ka shoulder collapse,Road Maintenance
speed breaker height jyada,Road Maintenance
speed breaker galat jagah,Road Maintenance
rumble strips missing,Road Maintenance
cat eye reflector missing,Road Maintenance
median pe crack,Road Maintenance
divider toot gaya,Road Maintenance
road widening ka kaam incomplete,Road Maintenance
pothole filling needed,Road Maintenance
patch repair pending,Road Maintenance
asphalt ka layer utar gaya,Road Maintenance
road base weak,Road Maintenance
road sinking ho raha hai,Road Maintenance
road subsidence,Road Maintenance
flyover joint broken,Road Maintenance
overbridge damage,Road Maintenance
underpass water logging,Road Maintenance
tunnel wall crack,Road Maintenance
parking lot damage,Road Maintenance
bus bay ka surface kharab,Road Maintenance
foot overbridge floor broken,Road Maintenance
cycle lane marking missing,Road Maintenance
bike lane damaged,Road Maintenance
road accident ke baad repair nahi hua,Road Maintenance
road corner sharp without marking,Road Maintenance
blind turn pe warning sign missing,Road Maintenance


# ------------------- PUBLIC LIGHTING -------------------
traffic signals off,Public Lighting
signal kaam nahi kar raha,Public Lighting
street lamp off,Public Lighting
lamp post broken,Public Lighting
lamp flicker,Public Lighting
signal dead,Public Lighting
traffic light issue,Public Lighting
lamp out,Public Lighting
pole light off,Public Lighting
street light dead,Public Lighting
signal not blinking,Public Lighting
signal damaged,Public Lighting
post light missing,Public Lighting
signal,Public Lighting
lamp,Public Lighting
pole,Public Lighting
streetlight,Public Lighting
traffic light,Public Lighting
light post,Public Lighting
lamp post,Public Lighting
traffic signals off,Public Lighting
traffic signal band hai,Public Lighting
signal kaam nahi kar raha,Public Lighting
signal kharab,Public Lighting
signal light fused,Public Lighting
street lamp off,Public Lighting
lamp post broken,Public Lighting
lamp flicker,Public Lighting
signal dead,Public Lighting
traffic light issue,Public Lighting
lamp out,Public Lighting
pole light off,Public Lighting
street light dead,Public Lighting
signal not blinking,Public Lighting
signal damaged,Public Lighting
post light missing,Public Lighting
signal light ka bulb fused,Public Lighting
signal light not changing,Public Lighting
red light kaam nahi kar rahi,Public Lighting
green light not working,Public Lighting
yellow light not blinking,Public Lighting
pedestrian signal off,Public Lighting
crosswalk light missing,Public Lighting
streetlight broken,Public Lighting
streetlight ka pole gir gaya,Public Lighting
light post tilted,Public Lighting
lamp ke wire cut gaye,Public Lighting
light switch box broken,Public Lighting
streetlight ka cover missing,Public Lighting
pole pe light blink ho rahi hai,Public Lighting
streetlight continuously on,Public Lighting
streetlight din mein jal raha hai,Public Lighting
automatic light sensor fail,Public Lighting
lamp ka glass toot gaya,Public Lighting
streetlight ka bulb change karo,Public Lighting
lamp ka choke kharab,Public Lighting
lamp ka starter fail,Public Lighting
LED streetlight band,Public Lighting
sodium light fused,Public Lighting
halogen lamp not working,Public Lighting
light tower off,Public Lighting
high mast light off,Public Lighting
stadium light not working,Public Lighting
public park lamp off,Public Lighting
garden light fused,Public Lighting
footpath light missing,Public Lighting
foot overbridge light off,Public Lighting
underpass light missing,Public Lighting
tunnel light not working,Public Lighting
signal ka timer display off,Public Lighting
signal ke countdown kaam nahi kar raha,Public Lighting
traffic light pe spider web,Public Lighting
signal ke pole pe rust,Public Lighting
lamp ke pole pe short circuit,Public Lighting
pole se spark aa raha hai,Public Lighting
pole ke wire exposed hai,Public Lighting
streetlight pole pe hanging wire,Public Lighting
lamp ka base loose,Public Lighting
light post pe dent,Public Lighting
pole crooked,Public Lighting
streetlight pe poster laga hai,Public Lighting
lamp shade dirty,Public Lighting
lamp shade missing,Public Lighting
lamp water se fill ho gaya,Public Lighting
lamp me moisture,Public Lighting
lamp tube black ho gaya,Public Lighting
light ka connector loose,Public Lighting
lamp ka ballast burnt,Public Lighting
light ke switch box ka lock missing,Public Lighting
switch box khula hai,Public Lighting
lamp ka bracket broken,Public Lighting
streetlight ke neeche paani jama,Public Lighting
lamp ka cover yellow ho gaya,Public Lighting
lamp ka brightness low,Public Lighting
lamp dim ho gaya,Public Lighting
light ka voltage low,Public Lighting
lamp over bright,Public Lighting
lamp glare zyada hai,Public Lighting
lamp ka beam angle galat,Public Lighting
pole pe lamp ka alignment galat,Public Lighting
lamp ka focus road pe nahi hai,Public Lighting
lamp ka design kharab,Public Lighting
pole pe paint utar gaya,Public Lighting
light pole girne wala hai,Public Lighting
lamp ka nut bolt loose,Public Lighting
streetlight maintenance pending,Public Lighting
light ka annual service due,Public Lighting
lamp ke spare part missing,Public Lighting
signal pole ka paint fade,Public Lighting
signal pole crooked,Public Lighting
signal ka housing toot gaya,Public Lighting
signal ka visor missing,Public Lighting
traffic light lens crack,Public Lighting
traffic light ka LED module fail,Public Lighting
signal ke bulb ka holder loose,Public Lighting
signal ke bulb water se bhar gaya,Public Lighting
signal ke wires cut,Public Lighting
signal ke wires chori ho gaye,Public Lighting
lamp post ka earthing missing,Public Lighting
streetlight grounding fail,Public Lighting
lamp ka fuse board burnt,Public Lighting
signal ke control box ka lock broken,Public Lighting
control box ka door missing,Public Lighting
lamp ka maintenance slip missing,Public Lighting
signal pole pe dent,Public Lighting
lamp ka circuit breaker trip ho gaya,Public Lighting
streetlight ka MCCB faulty,Public Lighting
signal ke junction box khula,Public Lighting
signal ke cable exposed,Public Lighting
streetlight timer fail,Public Lighting
signal ke timer ka battery khatam,Public Lighting
lamp ka photocell fail,Public Lighting
automatic light system fail,Public Lighting
lamp ka wiring loose,Public Lighting
pole ke neeche open junction box,Public Lighting
lamp ke fuse kharab,Public Lighting
signal ke bulb black ho gaya,Public Lighting
traffic light pe dust,Public Lighting
signal ka lens dirty,Public Lighting
lamp ka glass dirty,Public Lighting
lamp ka reflector black,Public Lighting
lamp ka reflector missing,Public Lighting
lamp ka color badal gaya,Public Lighting
light ka mount loose,Public Lighting
lamp ka arm bend,Public Lighting
signal pole ka anchor bolt loose,Public Lighting
pole ka base crack,Public Lighting
lamp ka power supply fail,Public Lighting
signal ka SMPS burnt,Public Lighting
lamp ke switch board me short,Public Lighting
lamp ka MCB trip,Public Lighting
lamp ka circuit faulty,Public Lighting
lamp ke PCB burnt,Public Lighting
lamp ka driver fail,Public Lighting
lamp ka LED strip loose,Public Lighting


# ------------------- GAS LEAKS -------------------
gas smell,Gas Leaks
gas leak ho raha,Gas Leaks
pipeline leak,Gas Leaks
gas pipe burst,Gas Leaks
gas leakage near home,Gas Leaks
gas odor,Gas Leaks
gas leak kitchen,Gas Leaks
pipeline crack,Gas Leaks
LPG leak,Gas Leaks
cylinder leak,Gas Leaks
smell gas,Gas Leaks
gas escaping,Gas Leaks
gas hazard,Gas Leaks
gas,Gas Leaks
lpg,Gas Leaks
smell,Gas Leaks
cylinder,Gas Leaks
pipeline,Gas Leaks
gas leak,Gas Leaks
gas odor,Gas Leaks
gas smell,Gas Leaks
gas leak ho raha,Gas Leaks
pipeline leak,Gas Leaks
gas pipe burst,Gas Leaks
gas leakage near home,Gas Leaks
gas odor,Gas Leaks
gas leak kitchen,Gas Leaks
pipeline crack,Gas Leaks
LPG leak,Gas Leaks
cylinder leak,Gas Leaks
smell gas,Gas Leaks
gas escaping,Gas Leaks
gas hazard,Gas Leaks
gas,Gas Leaks
lpg,Gas Leaks
smell,Gas Leaks
cylinder,Gas Leaks
pipeline,Gas Leaks
gas leak,Gas Leaks
gas odor,Gas Leaks
cylinder se gas nikal raha,Gas Leaks
gas pipe se leak,Gas Leaks
pipeline se badbu,Gas Leaks
kitchen me gas ki smell,Gas Leaks
gas connection leak,Gas Leaks
burner se gas aa raha,Gas Leaks
stove se gas leak,Gas Leaks
regulator leak,Gas Leaks
LPG ka regulator kharab,Gas Leaks
gas pipe loose,Gas Leaks
pipe connection loose,Gas Leaks
gas ka knob loose,Gas Leaks
stove ka valve leak,Gas Leaks
burner ka seal kharab,Gas Leaks
pipeline ka joint leak,Gas Leaks
gas tank se leak,Gas Leaks
underground pipe leak,Gas Leaks
LPG tanker leak,Gas Leaks
gas tanker se smell,Gas Leaks
gas chamber leak,Gas Leaks
industrial gas leak,Gas Leaks
factory me gas leak,Gas Leaks
plant me gas ki smell,Gas Leaks
boiler se gas leak,Gas Leaks
gas cylinder phat gaya,Gas Leaks
LPG ka cylinder blast,Gas Leaks
cylinder se seeti ki awaaz,Gas Leaks
gas ka pressure zyada,Gas Leaks
gas ka pressure kam,Gas Leaks
gas meter se leak,Gas Leaks
meter ka seal toot gaya,Gas Leaks
gas pipe ka coating kharab,Gas Leaks
pipeline ka rust lag gaya,Gas Leaks
pipe pe dent,Gas Leaks
gas line se bubbles aa raha,Gas Leaks
water test me leak,Gas Leaks
gas ka gauge fail,Gas Leaks
gauge se gas leak,Gas Leaks
gas pipe ka clamp loose,Gas Leaks
gas hose kharab,Gas Leaks
hose ka naya lagana hai,Gas Leaks
old gas pipe crack,Gas Leaks
gas pipe hard ho gaya,Gas Leaks
pipe ka colour change,Gas Leaks
gas smell basement me,Gas Leaks
parking area me gas smell,Gas Leaks
balcony me gas leak,Gas Leaks
roof pe gas pipeline leak,Gas Leaks
pipeline ka nut bolt loose,Gas Leaks
gas plant explosion risk,Gas Leaks
chemical gas leak,Gas Leaks
poisonous gas leak,Gas Leaks
toxic gas smell,Gas Leaks
ammonia leak,Gas Leaks
chlorine gas leak,Gas Leaks
carbon monoxide leak,Gas Leaks
CO leak,Gas Leaks
CNG leak,Gas Leaks
PNG leak,Gas Leaks
natural gas leak,Gas Leaks
methane leak,Gas Leaks
gas sensor alarm,Gas Leaks
gas detector beeping,Gas Leaks
gas alarm baj raha,Gas Leaks
gas ka red indicator on,Gas Leaks
gas warning light,Gas Leaks
pipeline ka valve kharab,Gas Leaks
main gas valve se leak,Gas Leaks
isolation valve fail,Gas Leaks
shut off valve kaam nahi kar raha,Gas Leaks
gas flow stop nahi ho raha,Gas Leaks
pressure relief valve se leak,Gas Leaks
gas ka emergency stop fail,Gas Leaks
pipe ka welding crack,Gas Leaks
gas joint se seeti awaaz,Gas Leaks
burner ignition ke baad smell,Gas Leaks
gas stove on karte hi smell,Gas Leaks
cylinder seal kharab,Gas Leaks
cylinder cap loose,Gas Leaks
gas ka cap toot gaya,Gas Leaks
rubber washer missing,Gas Leaks
rubber seal kharab,Gas Leaks
gasket crack,Gas Leaks
O-ring se leak,Gas Leaks
gas fitting loose,Gas Leaks
fitting ka nut loose,Gas Leaks
flange joint se leak,Gas Leaks
gas pipeline test fail,Gas Leaks
pressure test fail,Gas Leaks
vacuum test fail,Gas Leaks
gas leak emergency,Gas Leaks
gas evacuation required,Gas Leaks
public area me gas leak,Gas Leaks
market me gas leak,Gas Leaks
school ke pass gas leak,Gas Leaks
hospital ke pass gas leak,Gas Leaks
residential area me gas smell,Gas Leaks
colony me gas leak,Gas Leaks
apartment me gas leak,Gas Leaks
flat ke kitchen me leak,Gas Leaks
shop me gas leak,Gas Leaks
restaurant me gas leak,Gas Leaks
hotel kitchen gas leak,Gas Leaks
canteen me gas smell,Gas Leaks
dhaba me gas leak,Gas Leaks
industrial zone me gas leak,Gas Leaks
petrol pump ke pass gas leak,Gas Leaks
pipeline burst,Gas Leaks
pipe rupture,Gas Leaks
gas ka spray aa raha,Gas Leaks
gas pipeline blast,Gas Leaks
pipeline me crack,Gas Leaks
gas chamber me leak,Gas Leaks
cylinder godown me leak,Gas Leaks
LPG storage tank leak,Gas Leaks
storage vessel crack,Gas Leaks
gas truck se leak,Gas Leaks
delivery cylinder se leak,Gas Leaks
pipeline alignment galat,Gas Leaks
pipe vibration se leak,Gas Leaks
gas ka hiss sound,Gas Leaks
gas ka continuous smell,Gas Leaks
strong gas odor,Gas Leaks
mild gas smell,Gas Leaks
intermittent gas smell,Gas Leaks
kabhi kabhi gas smell,Gas Leaks
gas smell after rain,Gas Leaks
gas smell after digging,Gas Leaks
pipeline damage construction se,Gas Leaks
road digging me pipeline cut,Gas Leaks
JCB se pipeline damage,Gas Leaks
drilling se pipe cut,Gas Leaks
gas pipe bent,Gas Leaks
pipe dent se leak,Gas Leaks
line pressure drop,Gas Leaks
meter reading me error,Gas Leaks
meter reading abnormal,Gas Leaks
meter ka dial fast,Gas Leaks
meter ka needle stuck,Gas Leaks
gas ka bill high after leak,Gas Leaks
gas ka bill low after leak,Gas Leaks
pipeline ka colour change,Gas Leaks
pipe surface blister,Gas Leaks
pipeline sweating,Gas Leaks
condensation on gas pipe,Gas Leaks
pipeline pe ice ban raha,Gas Leaks
cold gas pipe,Gas Leaks
hot gas pipe,Gas Leaks
gas regulator se hiss,Gas Leaks
regulator vent se gas,Gas Leaks
gas ka flow irregular,Gas Leaks
burner flame yellow,Gas Leaks
flame blue nahi hai,Gas Leaks
flame small ho gaya,Gas Leaks
flame zyada ho gaya,Gas Leaks
flame unstable,Gas Leaks
burner se pop sound,Gas Leaks
burner ka ignition slow,Gas Leaks
burner band hone me time lagta,Gas Leaks
burner se black soot,Gas Leaks
burner ka heat kam,Gas Leaks
burner ka fire zyada,Gas Leaks


# ------------------- NOISE -------------------
loud noise,Noise
bahut shor hai,Noise
noisy area,Noise
construction ka shor,Noise
factory noise,Noise
music loud,Noise
high volume noise,Noise
speaker noise,Noise
generator noise,Noise
vehicle honking,Noise
horn sound,Noise
drilling sound,Noise
dj noise,Noise
shor,Noise
noise,Noise
dj,Noise
loud,Noise
sound,Noise
speaker,Noise
music,Noise
loud noise,Noise
bahut shor hai,Noise
noisy area,Noise
construction ka shor,Noise
factory noise,Noise
music loud,Noise
high volume noise,Noise
speaker noise,Noise
generator noise,Noise
vehicle honking,Noise
horn sound,Noise
drilling sound,Noise
dj noise,Noise
shor,Noise
noise,Noise
dj,Noise
loud,Noise
sound,Noise
speaker,Noise
music,Noise
neighbour loud music,Noise
padosi ki loud party,Noise
party ka shor,Noise
wedding band noise,Noise
baraat ka shor,Noise
band baaja,Noise
band ka shor,Noise
band baja raha,Noise
festival loudspeaker,Noise
loud speaker baja raha,Noise
mandir ka loudspeaker,Noise
masjid ka loudspeaker,Noise
religious loudspeaker,Noise
azan ka shor,Noise
bhajan loud,Noise
kirtan ka shor,Noise
jagran loud music,Noise
garba loud music,Noise
navratri ka shor,Noise
diwali crackers noise,Noise
patakhe ka shor,Noise
cracker burst loud,Noise
bomb blast noise,Noise
fireworks ka shor,Noise
school band noise,Noise
rally loudspeaker,Noise
political rally ka shor,Noise
protest loud noise,Noise
march ka shor,Noise
crowd shouting,Noise
public shouting,Noise
slogans loud,Noise
stadium ka shor,Noise
match ka shor,Noise
cricket match noise,Noise
goal celebration noise,Noise
sports event loud,Noise
dj sound system,Noise
sound system blast,Noise
music system loud,Noise
bass zyada hai,Noise
subwoofer loud,Noise
woofer noise,Noise
mic feedback noise,Noise
microphone se awaz,Noise
speaker humming,Noise
speaker se hiss sound,Noise
amplifier noise,Noise
amp ka shor,Noise
sound distortion,Noise
audio distortion,Noise
high pitch noise,Noise
ultra sound noise,Noise
shrill sound,Noise
sharp noise,Noise
piercing noise,Noise
metal grinding noise,Noise
iron cutting ka shor,Noise
welding ka shor,Noise
hammering ka shor,Noise
drill machine noise,Noise
road cutting ka shor,Noise
pavement breaking ka shor,Noise
construction work loud,Noise
cement mixer ka shor,Noise
road roller noise,Noise
bulldozer noise,Noise
truck horn loud,Noise
bus horn loud,Noise
train horn loud,Noise
railway crossing horn,Noise
air horn,Noise
ship horn,Noise
boat engine noise,Noise
ferry horn,Noise
airplane loud noise,Noise
flight ka shor,Noise
helicopter loud noise,Noise
chopper ka shor,Noise
jet plane ka shor,Noise
airport loud noise,Noise
engine testing loud,Noise
car exhaust noise,Noise
bike exhaust loud,Noise
silencer noise,Noise
modified silencer loud,Noise
race ka shor,Noise
drag race noise,Noise
tyre screeching,Noise
brake squeal,Noise
clutch noise,Noise
gearbox ka shor,Noise
fan belt ka shor,Noise
machine ka humming,Noise
industrial machine noise,Noise
factory ka loud noise,Noise
press machine ka shor,Noise
lathe machine ka shor,Noise
printing press noise,Noise
textile machine ka shor,Noise
loom ka shor,Noise
grinder machine noise,Noise
mixer grinder loud,Noise
blender loud noise,Noise
vacuum cleaner ka shor,Noise
washing machine loud,Noise
dryer machine noise,Noise
fridge compressor noise,Noise
ac ka compressor loud,Noise
fan ka shor,Noise
cooler ka shor,Noise
exhaust fan loud,Noise
bathroom exhaust noise,Noise
toilet flush loud,Noise
water pump loud,Noise
motor pump ka shor,Noise
borewell pump ka shor,Noise
overhead tank ka pump noise,Noise
lift ka shor,Noise
elevator ka noise,Noise
door closing loud,Noise
gate ka bang sound,Noise
rolling shutter loud,Noise
shutter closing ka shor,Noise
iron gate ka shor,Noise
metal door ka bang,Noise
window ka noise,Noise
glass breaking loud,Noise
bottle breaking noise,Noise
utensil ka shor,Noise
plate gir gaya ka shor,Noise
spoon fall noise,Noise
pressure cooker whistle,Noise
cooker ka shor,Noise
steamer ka shor,Noise
gas leak hiss noise,Noise
geyser ka shor,Noise
boiler ka noise,Noise
pipeline se awaz,Noise
water hammer ka shor,Noise
pipe me seeti,Noise
waterfall loud noise,Noise
river ka shor,Noise
sea waves loud,Noise
storm ka shor,Noise
wind ka noise,Noise
heavy rain ka shor,Noise
hailstorm ka shor,Noise
lightning ka shor,Noise
thunder loud noise,Noise
cloud burst ka shor,Noise


# ------------------- WASTE MANAGEMENT -------------------
garbage smell,Waste Management
dustbin full,Waste Management
bin overflow,Waste Management
trash pile,Waste Management
garbage dump,Waste Management
overflow bin,Waste Management
waste heap,Waste Management
bin unclean,Waste Management
skip bin full,Waste Management
dump site dirty,Waste Management
trash not removed,Waste Management
public bin overflow,Waste Management
plastic waste,Waste Management
waste, Waste Management
bin, Waste Management
dump, Waste Management
garbage, Waste Management
trash, Waste Management
dustbin, Waste Management
waste disposal, Waste Management
garbage smell,Waste Management
dustbin full,Waste Management
bin overflow,Waste Management
trash pile,Waste Management
garbage dump,Waste Management
overflow bin,Waste Management
waste heap,Waste Management
bin unclean,Waste Management
skip bin full,Waste Management
dump site dirty,Waste Management
trash not removed,Waste Management
public bin overflow,Waste Management
plastic waste,Waste Management
waste, Waste Management
bin, Waste Management
dump, Waste Management
garbage, Waste Management
trash, Waste Management
dustbin, Waste Management
waste disposal, Waste Management
kachra jama ho gaya,Waste Management
kooda badboo kar raha hai,Waste Management
garbage collection late hai,Waste Management
dustbin se smell aa rahi hai,Waste Management
public dustbin overflow ho gaya,Waste Management
kachra road pe pada hai,Waste Management
unclean public bin,Waste Management
dirty waste container,Waste Management
waste truck nahi aaya,Waste Management
garbage vehicle absent,Waste Management
refuse not collected,Waste Management
waste not cleared,Waste Management
trash accumulation,Waste Management
garbage bin broken,Waste Management
bin ka lid missing,Waste Management
garbage scattered,Waste Management
kachra bikhar gaya,Waste Management
kooda bin ke bahar,Waste Management
rats in garbage,Waste Management
flies in waste,Waste Management
mosquito in trash,Waste Management
waste attracting animals,Waste Management
dogs in garbage,Waste Management
stray dogs eating waste,Waste Management
cats in garbage,Waste Management
cow in garbage,Waste Management
animals eating waste,Waste Management
polythene littered,Waste Management
plastic bags in garbage,Waste Management
hazardous waste,Waste Management
bio waste,Waste Management
medical waste in trash,Waste Management
sharps in waste,Waste Management
broken glass in garbage,Waste Management
needles in waste,Waste Management
chemical waste,Waste Management
paint cans in garbage,Waste Management
oil cans in waste,Waste Management
battery waste,Waste Management
e waste,Waste Management
electronic waste in bin,Waste Management
tv in garbage,Waste Management
fridge in waste,Waste Management
washing machine in garbage,Waste Management
tyres in waste,Waste Management
rubber waste,Waste Management
wood waste,Waste Management
furniture in garbage,Waste Management
sofa in waste,Waste Management
bed in garbage,Waste Management
mattress in waste,Waste Management
pillow in garbage,Waste Management
construction waste,Waste Management
cement bags in garbage,Waste Management
sand pile waste,Waste Management
bricks in waste,Waste Management
tiles in garbage,Waste Management
marble waste,Waste Management
stone in garbage,Waste Management
soil pile waste,Waste Management
garden waste,Waste Management
grass clippings in bin,Waste Management
leaves in garbage,Waste Management
tree branches in waste,Waste Management
pruned branches in garbage,Waste Management
flowers in waste,Waste Management
dead plants in garbage,Waste Management
compostable waste,Waste Management
wet waste,Waste Management
dry waste not separated,Waste Management
mixed waste in bin,Waste Management
unsegregated garbage,Waste Management
organic waste in dry bin,Waste Management
recyclable waste in wrong bin,Waste Management
paper in wet waste,Waste Management
cardboard in wet waste,Waste Management
cloth waste,Waste Management
old clothes in garbage,Waste Management
shoes in waste,Waste Management
bags in garbage,Waste Management
toys in waste,Waste Management
broken toys in garbage,Waste Management
broken utensils in waste,Waste Management
steel waste,Waste Management
iron scrap in garbage,Waste Management
cans in waste,Waste Management
tins in garbage,Waste Management
aluminium waste,Waste Management
metal waste in bin,Waste Management
glass waste in wrong bin,Waste Management
bottle waste,Waste Management
beer bottles in garbage,Waste Management
wine bottles in waste,Waste Management
soft drink bottles in garbage,Waste Management
plastic bottles in waste,Waste Management
milk packets in garbage,Waste Management
tetra packs in waste,Waste Management
juice boxes in garbage,Waste Management
packaging waste,Waste Management
food packaging in garbage,Waste Management
chips packets in waste,Waste Management
biscuit wrappers in garbage,Waste Management
snack packets in waste,Waste Management
pizza box in garbage,Waste Management
burger wrapper in waste,Waste Management
paper cups in garbage,Waste Management
plastic cups in waste,Waste Management
bottled water waste,Waste Management
disposable plates in garbage,Waste Management
styrofoam waste,Waste Management
thermocol in garbage,Waste Management
waste burnt smell,Waste Management
garbage burning,Waste Management
smoke from waste,Waste Management
waste fire,Waste Management


# ------------------- DRAINAGE -------------------
clogged drain,Drainage
nali jam hai,Drainage
water logging,Drainage
sewer blocked,Drainage
drain choke,Drainage
flooding road,Drainage
sewage overflow,Drainage
drain smell,Drainage
water flood,Drainage
blocked drain,Drainage
manhole overflow,Drainage
drain water flow back,Drainage
drainage issue,Drainage
nali,Drainage
gutter,Drainage
sewer,Drainage
drain,Drainage
paani jama,Drainage
drain blocked,Drainage
open drain,Drainage
clogged drain,Drainage
nali jam hai,Drainage
water logging,Drainage
sewer blocked,Drainage
drain choke,Drainage
flooding road,Drainage
sewage overflow,Drainage
drain smell,Drainage
water flood,Drainage
blocked drain,Drainage
manhole overflow,Drainage
drain water flow back,Drainage
drainage issue,Drainage
nali,Drainage
gutter,Drainage
sewer,Drainage
drain,Drainage
paani jama,Drainage
drain blocked,Drainage
open drain,Drainage
paani road pe khada hai,Drainage
gali mein paani jam gaya,Drainage
nali se smell aa rahi hai,Drainage
drain se badbu aa rahi hai,Drainage
gutter mein block hai,Drainage
drain water overflow,Drainage
gali mein gutter khula hai,Drainage
manhole cover missing,Drainage
drainage water on road,Drainage
nali se machhar paida ho rahe hain,Drainage
stagnant drain water,Drainage
gutter choke,Drainage
drain ka paani nahi ja raha,Drainage
paani nali se wapas aa raha hai,Drainage
road pe paani ka talab,Drainage
drainage smell,Drainage
dirty drain water,Drainage
black water in drain,Drainage
sewer line choke,Drainage
drain ka cover toot gaya,Drainage
drainage system fail,Drainage
drain repair needed,Drainage
nali safai nahi hui,Drainage
gutter safai pending,Drainage
drain mein kachra jam gaya,Drainage
kachra nali block kar raha hai,Drainage
plastic in drain,Drainage
paani nali se bahar aa raha,Drainage
nali mein keede lag gaye,Drainage
worms in drain,Drainage
mosquitoes in drain,Drainage
insects in drainage water,Drainage
rodents in drain,Drainage
rats coming from drain,Drainage
nali mein dead animal,Drainage
gutter mein murda jaanwar,Drainage
drain mein oil gir gaya,Drainage
chemical waste in drain,Drainage
toxic smell from drain,Drainage
acid in drain,Drainage
dirty sewer water,Drainage
foul smell from gutter,Drainage
sludge in drain,Drainage
thick waste in gutter,Drainage
black sludge in drain,Drainage
waste water overflow,Drainage
toilet drain blocked,Drainage
bathroom drain choke,Drainage
kitchen drain block,Drainage
sink drain jam,Drainage
washbasin drain blocked,Drainage
pipeline drainage issue,Drainage
underground sewer choke,Drainage
drainage water leaking,Drainage
sewer water entering home,Drainage
toilet water overflow,Drainage
flush water coming up,Drainage
bathroom flooding,Drainage
gali mein paani ghus gaya,Drainage
drain near park blocked,Drainage
gutter near market overflow,Drainage
drainage in colony blocked,Drainage
residential drain choke,Drainage
commercial drain blocked,Drainage
industrial drainage problem,Drainage
factory waste in drain,Drainage
oil waste in drainage,Drainage
food waste in drain,Drainage
restaurant waste blocking drain,Drainage
canteen water in drain,Drainage
school drain blocked,Drainage
hospital drain choke,Drainage
public toilet drain blocked,Drainage
slum area drainage blocked,Drainage
village drain blocked,Drainage
rural nali jam,Drainage
urban drain overflow,Drainage
monsoon water logging,Drainage
heavy rain paani jam,Drainage
rainwater not draining,Drainage
storm water drain blocked,Drainage
rain drain overflow,Drainage
rainwater drain choke,Drainage
nala overflow,Drainage
nullah block,Drainage
big drain blocked,Drainage
small drain block,Drainage
side drain blocked,Drainage
main drain jam,Drainage
water drain to nala blocked,Drainage
link drain jam,Drainage
cross drain block,Drainage
open drain hazard,Drainage
open gutter smell,Drainage
drain without cover,Drainage
kids playing near open drain,Drainage
animals falling in drain,Drainage
road damage due to drain,Drainage
erosion due to drainage,Drainage
collapsed drain wall,Drainage
broken drain slab,Drainage
drain ka pathar tut gaya,Drainage
gutter cover toot gaya,Drainage

# ------------------- TREE/LANDSCAPE -------------------
tree fallen,Tree/Landscape
ped gir gaya,Tree/Landscape
branch fallen,Tree/Landscape
tree block road,Tree/Landscape
tree roots damage,Tree/Landscape
garden unclean,Tree/Landscape
fallen branch,Tree/Landscape
overgrown tree,Tree/Landscape
tree blocking light,Tree/Landscape
tree blocking signal,Tree/Landscape
tree pruning needed,Tree/Landscape
tree uprooted,Tree/Landscape
ped,Tree/Landscape
branch,Tree/Landscape
tree,Tree/Landscape
park,Tree/Landscape
garden,Tree/Landscape
landscape,Tree/Landscape
tree hazard,Tree/Landscape
tree block,Tree/Landscape

# ------------------- PUBLIC HEALTH -------------------
mosquito breeding,Public Health
machhar paida ho rahe,Public Health
hospital waste,Public Health
clinic waste,Public Health
health hazard,Public Health
rotten garbage,Public Health
medical waste,Public Health
dirty clinic,Public Health
unhygienic area,Public Health
machhar,Public Health
dengue,Public Health
malaria,Public Health
hospital,Public Health
health,Public Health
clinic,Public Health
disease,Public Health
infection,Public Health
public health issue,Public Health
vector problem,Public Health
mosquito issue,Public Health
tree fallen,Tree/Landscape
ped gir gaya,Tree/Landscape
branch fallen,Tree/Landscape
tree block road,Tree/Landscape
tree roots damage,Tree/Landscape
garden unclean,Tree/Landscape
fallen branch,Tree/Landscape
overgrown tree,Tree/Landscape
tree blocking light,Tree/Landscape
tree blocking signal,Tree/Landscape
tree pruning needed,Tree/Landscape
tree uprooted,Tree/Landscape
ped,Tree/Landscape
branch,Tree/Landscape
tree,Tree/Landscape
park,Tree/Landscape
garden,Tree/Landscape
landscape,Tree/Landscape
tree hazard,Tree/Landscape
tree block,Tree/Landscape
ped raste me gir gaya,Tree/Landscape
tree fallen on car,Tree/Landscape
branch broken in storm,Tree/Landscape
tree uprooted in rain,Tree/Landscape
heavy branch fallen,Tree/Landscape
tree leaning dangerously,Tree/Landscape
old tree about to fall,Tree/Landscape
dry branch may fall,Tree/Landscape
tree damaged by wind,Tree/Landscape
branch blocking footpath,Tree/Landscape
tree roots damaging road,Tree/Landscape
roots entering drain,Tree/Landscape
tree damaging pipeline,Tree/Landscape
roots damaging building,Tree/Landscape
tree growing in wall,Tree/Landscape
tree damaging electric wire,Tree/Landscape
tree touching high tension line,Tree/Landscape
branch on electric pole,Tree/Landscape
tree caught fire,Tree/Landscape
tree pest infection,Tree/Landscape
tree leaves causing blockage,Tree/Landscape
fallen leaves clogging drain,Tree/Landscape
dry leaves all over road,Tree/Landscape
garden full of weeds,Tree/Landscape
public park dirty,Tree/Landscape
grass overgrown,Tree/Landscape
shrub blocking road,Tree/Landscape
bush blocking light,Tree/Landscape
bush blocking entrance,Tree/Landscape
plant overgrowth,Tree/Landscape
hedge blocking view,Tree/Landscape
fallen coconut tree,Tree/Landscape
fallen palm tree,Tree/Landscape
banana tree fallen,Tree/Landscape
neem tree fallen,Tree/Landscape
peepal tree fallen,Tree/Landscape
mango tree fallen,Tree/Landscape
big tree across road,Tree/Landscape
tree trunk in middle of road,Tree/Landscape
wood pieces on road,Tree/Landscape
timber from fallen tree,Tree/Landscape
tree debris on footpath,Tree/Landscape
branches blocking cycle track,Tree/Landscape
branches blocking car parking,Tree/Landscape
tree blocking bus stop,Tree/Landscape
tree blocking shop entrance,Tree/Landscape
tree blocking hospital gate,Tree/Landscape
ped ke neeche kachra,Tree/Landscape
tree roots breaking pavement,Tree/Landscape
tree roots lifting tiles,Tree/Landscape
roots damaging footpath,Tree/Landscape
roots damaging park path,Tree/Landscape
tree trunk hollow,Tree/Landscape
tree termite problem,Tree/Landscape
tree fungus infection,Tree/Landscape
tree leaves falling too much,Tree/Landscape
leaf litter problem,Tree/Landscape
tree sap dripping on vehicles,Tree/Landscape
sticky sap from tree,Tree/Landscape
tree damaging boundary wall,Tree/Landscape
tree outside house blocking view,Tree/Landscape
tree near signal blocking visibility,Tree/Landscape
tree at corner blocking turn,Tree/Landscape
tree covering CCTV camera,Tree/Landscape
tree covering streetlight,Tree/Landscape
tree covering traffic light,Tree/Landscape
tree over house roof,Tree/Landscape
branch hitting house roof,Tree/Landscape
branch scraping windows,Tree/Landscape
tree hanging over electric wires,Tree/Landscape
tree hanging over balcony,Tree/Landscape
tree hanging over parking,Tree/Landscape
fallen branch on roof,Tree/Landscape
branch on tin shed,Tree/Landscape
tree debris after storm,Tree/Landscape
tree debris after rain,Tree/Landscape
tree debris after cyclone,Tree/Landscape
park fountain blocked by leaves,Tree/Landscape
garden bench broken due to tree,Tree/Landscape
tree damaging playground,Tree/Landscape
roots damaging swing area,Tree/Landscape
tree in school playground blocking space,Tree/Landscape
tree in hospital premises blocking entry,Tree/Landscape
tree in colony park overgrown,Tree/Landscape
tree in footpath planter dead,Tree/Landscape
tree cut but stump left,Tree/Landscape
tree stump hazard,Tree/Landscape
tree branches hitting moving vehicles,Tree/Landscape
tree branches obstructing buses,Tree/Landscape
tree near railway track hazard,Tree/Landscape
tree fallen on railway line,Tree/Landscape
tree near airport hazard,Tree/Landscape
tree damaging boundary fencing,Tree/Landscape
wild plant overgrowth in park,Tree/Landscape
tree with hanging wires,Tree/Landscape
tree with broken swing,Tree/Landscape
tree with illegal hoarding,Tree/Landscape
tree painted partially,Tree/Landscape
tree damaging underground cable,Tree/Landscape
roots entering septic tank,Tree/Landscape
roots damaging water pipe,Tree/Landscape
roots breaking cement floor,Tree/Landscape
tree damaging drainage,Tree/Landscape
fallen branch blocking drainage,Tree/Landscape
tree growing in drain,Tree/Landscape
tree blocking fire exit,Tree/Landscape
tree blocking emergency path,Tree/Landscape
ped ke neeche paani jama,Tree/Landscape
tree with hanging honeybee hive,Tree/Landscape
tree with snake,Tree/Landscape
tree with bird nest blocking work,Tree/Landscape
tree roots breaking underground gas pipe,Tree/Landscape


# ------------------- CONSUMER AFFAIRS -------------------
refund not given,Consumer Affairs
paise wapas nahi mile,Consumer Affairs
billing issue,Consumer Affairs
price fraud,Consumer Affairs
wrong bill,Consumer Affairs
bill dispute,Consumer Affairs
consumer fraud,Consumer Affairs
rent not returned,Consumer Affairs
overcharge,Consumer Affairs
bill,Consumer Affairs
paise,Consumer Affairs
refund,Consumer Affairs
payment,Consumer Affairs
fraud,Consumer Affairs
bill galat,Consumer Affairs
wrong billing,Consumer Affairs
amount extra,Consumer Affairs
double charge,Consumer Affairs
money issue,Consumer Affairs
invoice wrong,Consumer Affairs
mosquito breeding,Public Health
machhar paida ho rahe,Public Health
hospital waste,Public Health
clinic waste,Public Health
health hazard,Public Health
rotten garbage,Public Health
medical waste,Public Health
dirty clinic,Public Health
unhygienic area,Public Health
machhar,Public Health
dengue,Public Health
malaria,Public Health
hospital,Public Health
health,Public Health
clinic,Public Health
disease,Public Health
infection,Public Health
public health issue,Public Health
vector problem,Public Health
mosquito issue,Public Health
stagnant water breeding mosquitoes,Public Health
paani jama ho gaya machhar paida,Public Health
dirty water tank,Public Health
overhead tank open,Public Health
tank cover missing,Public Health
ganda paani in tank,Public Health
well water dirty,Public Health
sewer water near home,Public Health
drain water outside house,Public Health
drain water smell,Public Health
garbage near water source,Public Health
mosquitoes in park,Public Health
mosquitoes in colony,Public Health
mosquitoes in office,Public Health
mosquitoes in school,Public Health
mosquitoes in hospital,Public Health
flies in area,Public Health
makkhi bahut hai,Public Health
flies near garbage,Public Health
flies in kitchen,Public Health
flies in canteen,Public Health
rats in colony,Public Health
rats in garbage,Public Health
rats in school,Public Health
rats in hospital,Public Health
rat problem,Public Health
rodent infestation,Public Health
cockroach problem,Public Health
cockroach in drain,Public Health
cockroach in kitchen,Public Health
cockroach in hospital,Public Health
bed bugs in shelter,Public Health
lice infestation,Public Health
tick infestation,Public Health
dirty toilets,Public Health
public toilet unclean,Public Health
toilet smell,Public Health
urinal smell,Public Health
urinal blocked,Public Health
toilet not working,Public Health
urinal overflow,Public Health
handwash missing,Public Health
soap missing,Public Health
toilet water supply issue,Public Health
public toilet lights off,Public Health
toilet door broken,Public Health
toilet without flush,Public Health
urinal without flush,Public Health
toilet seat broken,Public Health
no dustbin in toilet,Public Health
garbage in toilet,Public Health
used masks thrown in public place,Public Health
PPE kit waste in open,Public Health
gloves thrown in street,Public Health
biohazard waste open,Public Health
hospital bio waste in open,Public Health
clinic throwing waste,Public Health
dirty hospital floor,Public Health
blood stains in clinic,Public Health
blood waste in open,Public Health
sharps in open,Public Health
needle waste,Public Health
syringe waste,Public Health
expired medicines thrown,Public Health
medicine strips on road,Public Health
uncovered food stall,Public Health
food vendor hygiene issue,Public Health
hawker selling stale food,Public Health
street food unhygienic,Public Health
dirty utensils,Public Health
washing utensils in drain water,Public Health
open meat shop,Public Health
flies on meat,Public Health
flies on sweets,Public Health
flies on fruits,Public Health
selling rotten fruits,Public Health
selling expired snacks,Public Health
school canteen dirty,Public Health
canteen hygiene fail,Public Health
canteen water dirty,Public Health
canteen food stale,Public Health
public water cooler dirty,Public Health
water cooler without cover,Public Health
water cooler smell,Public Health
public health officer absent,Public Health
health inspection pending,Public Health
dirty swimming pool,Public Health
pool water green,Public Health
pool water dirty smell,Public Health
pool water mosquito breeding,Public Health
open defecation,Public Health
people urinating in open,Public Health
people defecating near drain,Public Health
animal waste in street,Public Health
cow dung on road,Public Health
dog feces in park,Public Health
animal carcass on road,Public Health
dead animal smell,Public Health
dead bird in park,Public Health
dead rat smell,Public Health
open burning of waste,Public Health
burning plastic smell,Public Health
air pollution complaint,Public Health
smoke from garbage burning,Public Health
factory smoke in area,Public Health
industrial waste smell,Public Health
chemical smell in colony,Public Health
spray fogging needed,Public Health
no mosquito fogging,Public Health
fogging delay,Public Health
no pest control,Public Health
pest control delay,Public Health
spraying insecticide needed,Public Health
public awareness campaign needed,Public Health
lack of health awareness,Public Health
poor sanitation awareness,Public Health
health camp needed,Public Health
medical camp delay,Public Health
free health checkup needed,Public Health
hospital not admitting patients,Public Health
clinic refusing treatment,Public Health
hospital hygiene poor,Public Health
nursing home hygiene poor,Public Health
clinic unhygienic,Public Health
pharmacy selling expired medicine,Public Health
chemist selling without prescription,Public Health
chemist unhygienic shop,Public Health
illegal clinic running,Public Health
quack doctor complaint,Public Health
fake medicine sale,Public Health
contaminated water complaint,Public Health
water testing needed,Public Health
milk adulteration,Public Health
food adulteration,Public Health
food safety violation,Public Health
improper garbage disposal,Public Health
drains not cleaned,Public Health
water stagnation,Public Health
mosquito menace,Public Health
fly menace,Public Health
rodent menace,Public Health
vermin problem,Public Health
pest problem,Public Health
malaria outbreak,Public Health
dengue outbreak,Public Health
cholera cases,Public Health
typhoid cases,Public Health
flu outbreak,Public Health
viral fever cases,Public Health
unknown fever spread,Public Health
epidemic alert,Public Health
health emergency,Public Health


# ------------------- RENT/BUILDING -------------------
tenant dispute,Rent/Building
building unsafe,Rent/Building
house cracks,Rent/Building
unsafe building,Rent/Building
illegal construction,Rent/Building
building hazard,Rent/Building
makaan kharab hai,Rent/Building
makaan,Rent/Building
ghar,Rent/Building
building,Rent/Building
house,Rent/Building
rent, Rent/Building
construction illegal,Rent/Building
flat unsafe,Rent/Building
apartment crack,Rent/Building
building damage,Rent/Building
foundation weak,Rent/Building
wall crack,Rent/Building
roof leak,Rent/Building
property unsafe,Rent/Building
refund not given,Consumer Affairs
paise wapas nahi mile,Consumer Affairs
billing issue,Consumer Affairs
price fraud,Consumer Affairs
wrong bill,Consumer Affairs
bill dispute,Consumer Affairs
consumer fraud,Consumer Affairs
rent not returned,Consumer Affairs
overcharge,Consumer Affairs
bill,Consumer Affairs
paise,Consumer Affairs
refund,Consumer Affairs
payment,Consumer Affairs
fraud,Consumer Affairs
bill galat,Consumer Affairs
wrong billing,Consumer Affairs
amount extra,Consumer Affairs
double charge,Consumer Affairs
money issue,Consumer Affairs
invoice wrong,Consumer Affairs
wrong amount charged,Consumer Affairs
duplicate billing,Consumer Affairs
fake charges,Consumer Affairs
hidden charges,Consumer Affairs
extra service charge,Consumer Affairs
wrong service charge,Consumer Affairs
overpriced bill,Consumer Affairs
price mismatch,Consumer Affairs
price higher than promised,Consumer Affairs
incorrect amount deducted,Consumer Affairs
bank deducted extra money,Consumer Affairs
wrong debit,Consumer Affairs
wrong credit card charge,Consumer Affairs
credit card fraud,Consumer Affairs
debit card fraud,Consumer Affairs
payment deducted but not confirmed,Consumer Affairs
payment failed but money deducted,Consumer Affairs
transaction failed but charged,Consumer Affairs
online payment fraud,Consumer Affairs
UPI fraud,Consumer Affairs
wallet fraud,Consumer Affairs
wallet deduction without reason,Consumer Affairs
unauthorized deduction,Consumer Affairs
auto debit without permission,Consumer Affairs
EMI deducted wrongly,Consumer Affairs
loan EMI fraud,Consumer Affairs
loan overcharged,Consumer Affairs
interest rate fraud,Consumer Affairs
loan statement wrong,Consumer Affairs
bank statement wrong,Consumer Affairs
bank charged extra,Consumer Affairs
ATM money not dispensed,Consumer Affairs
ATM cash not received,Consumer Affairs
ATM deducted but no cash,Consumer Affairs
ATM transaction fail,Consumer Affairs
fake product received,Consumer Affairs
different product delivered,Consumer Affairs
wrong color product,Consumer Affairs
wrong size delivered,Consumer Affairs
product defective,Consumer Affairs
product damaged,Consumer Affairs
damaged item received,Consumer Affairs
used item received,Consumer Affairs
product fake,Consumer Affairs
duplicate product delivered,Consumer Affairs
counterfeit product,Consumer Affairs
low quality product,Consumer Affairs
product not working,Consumer Affairs
electronics defective,Consumer Affairs
mobile not working,Consumer Affairs
appliance defective,Consumer Affairs
machine defective,Consumer Affairs
machine stopped working,Consumer Affairs
repair not done,Consumer Affairs
service not provided,Consumer Affairs
service delay,Consumer Affairs
late delivery,Consumer Affairs
delivery not done,Consumer Affairs
order cancelled without reason,Consumer Affairs
order delayed,Consumer Affairs
order not shipped,Consumer Affairs
order stuck,Consumer Affairs
tracking not updated,Consumer Affairs
tracking wrong,Consumer Affairs
customer care not responding,Consumer Affairs
no response from support,Consumer Affairs
complaint ignored,Consumer Affairs
complaint closed without solution,Consumer Affairs
wrong complaint resolution,Consumer Affairs
poor service,Consumer Affairs
service quality low,Consumer Affairs
bad behavior of staff,Consumer Affairs
rude customer service,Consumer Affairs
misleading advertisement,Consumer Affairs
false claim in ad,Consumer Affairs
offer not honored,Consumer Affairs
discount not applied,Consumer Affairs
cashback not received,Consumer Affairs
voucher not working,Consumer Affairs
coupon code invalid,Consumer Affairs
loyalty points missing,Consumer Affairs
membership benefits not given,Consumer Affairs
membership cancelled without notice,Consumer Affairs
fake job offer,Consumer Affairs
job scam,Consumer Affairs
fake recruitment,Consumer Affairs
recruitment fraud,Consumer Affairs
travel scam,Consumer Affairs
tour package fraud,Consumer Affairs
fake hotel booking,Consumer Affairs
hotel overcharged,Consumer Affairs
hotel denied booking,Consumer Affairs
cab overcharged,Consumer Affairs
cab cancelled without refund,Consumer Affairs
flight overcharged,Consumer Affairs
airline denied boarding,Consumer Affairs
luggage lost,Consumer Affairs
luggage damaged,Consumer Affairs
parcel lost,Consumer Affairs
parcel damaged,Consumer Affairs
courier delay,Consumer Affairs
courier not delivered,Consumer Affairs
wrong courier delivered,Consumer Affairs
misdelivery,Consumer Affairs
wrong address delivery,Consumer Affairs
subscription auto renewed,Consumer Affairs
subscription cancelled but charged,Consumer Affairs
app subscription fraud,Consumer Affairs
OTT subscription charged twice,Consumer Affairs
TV recharge failed,Consumer Affairs
DTH recharge failed,Consumer Affairs
mobile recharge failed,Consumer Affairs
mobile recharge fraud,Consumer Affairs
SIM overcharged,Consumer Affairs
mobile bill wrong,Consumer Affairs
internet bill wrong,Consumer Affairs
broadband overcharged,Consumer Affairs
data pack not activated,Consumer Affairs
wrong data usage shown,Consumer Affairs
electricity bill wrong,Consumer Affairs
water bill wrong,Consumer Affairs
gas bill wrong,Consumer Affairs
meter reading wrong,Consumer Affairs
meter faulty,Consumer Affairs
fake meter reading,Consumer Affairs
meter tampered,Consumer Affairs
insurance fraud,Consumer Affairs
insurance claim rejected,Consumer Affairs
insurance delay,Consumer Affairs
policy not issued,Consumer Affairs
policy fake,Consumer Affairs
policy benefits denied,Consumer Affairs
refund delay,Consumer Affairs
refund process not started,Consumer Affairs
refund amount less,Consumer Affairs
partial refund,Consumer Affairs
refund to wrong account,Consumer Affairs
refund not initiated,Consumer Affairs
ecommerce refund delay,Consumer Affairs
ecommerce refund not received,Consumer Affairs
bank refund delay,Consumer Affairs
wrong refund mode,Consumer Affairs
refund cheque bounced,Consumer Affairs
cheque bounce,Consumer Affairs
cheque fraud,Consumer Affairs
fraud call,Consumer Affairs
fake lottery call,Consumer Affairs
prize scam,Consumer Affairs
survey scam,Consumer Affairs
investment fraud,Consumer Affairs
share market scam,Consumer Affairs
crypto fraud,Consumer Affairs
forex scam,Consumer Affairs
pyramid scheme,Consumer Affairs
MLM scam,Consumer Affairs
chit fund fraud,Consumer Affairs
loan app harassment,Consumer Affairs
loan recovery harassment,Consumer Affairs
fake legal notice,Consumer Affairs
threat call from company,Consumer Affairs
personal data misuse,Consumer Affairs
data leak,Consumer Affairs
privacy breach,Consumer Affairs
unauthorized account access,Consumer Affairs
account hacked,Consumer Affairs
fake social media profile,Consumer Affairs
impersonation fraud,Consumer Affairs
identity theft,Consumer Affairs
OTP fraud,Consumer Affairs
SIM swap fraud,Consumer Affairs
KYC fraud,Consumer Affairs


# ------------------- FIRE SAFETY -------------------
fire hydrant blocked,Fire Safety
fire extinguisher missing,Fire Safety
fire alarm broken,Fire Safety
fire escape blocked,Fire Safety
smoke in building,Fire Safety
fire hazard,Fire Safety
hydrant band hai,Fire Safety
aag,Fire Safety
smoke,Fire Safety
fire,Fire Safety
alarm,Fire Safety
hydrant,Fire Safety
flame,Fire Safety
burning smell,Fire Safety
heat issue,Fire Safety
fire exit blocked,Fire Safety
fire drill fail,Fire Safety
emergency fire,Fire Safety
flames,Fire Safety
fire problem,Fire Safety
tenant dispute,Rent/Building
building unsafe,Rent/Building
house cracks,Rent/Building
unsafe building,Rent/Building
illegal construction,Rent/Building
building hazard,Rent/Building
makaan kharab hai,Rent/Building
makaan,Rent/Building
ghar,Rent/Building
building,Rent/Building
house,Rent/Building
rent,Rent/Building
construction illegal,Rent/Building
flat unsafe,Rent/Building
apartment crack,Rent/Building
building damage,Rent/Building
foundation weak,Rent/Building
wall crack,Rent/Building
roof leak,Rent/Building
property unsafe,Rent/Building
tenant not paying rent,Rent/Building
tenant harassment,Rent/Building
tenant not vacating,Rent/Building
tenant refused to leave,Rent/Building
tenant damaging property,Rent/Building
unauthorized tenant,Rent/Building
illegal tenant,Rent/Building
tenant overstay,Rent/Building
tenant not following rules,Rent/Building
tenant misusing property,Rent/Building
tenant disturbing neighbours,Rent/Building
tenant not paying maintenance,Rent/Building
tenant refusing to pay bills,Rent/Building
tenant creating nuisance,Rent/Building
landlord harassment,Rent/Building
landlord not returning deposit,Rent/Building
landlord overcharging rent,Rent/Building
landlord not doing repairs,Rent/Building
landlord entering without permission,Rent/Building
landlord threat,Rent/Building
landlord not providing water,Rent/Building
landlord cutting electricity,Rent/Building
landlord increasing rent unfairly,Rent/Building
landlord changing lock,Rent/Building
landlord refusing agreement,Rent/Building
rent agreement dispute,Rent/Building
rent hike without notice,Rent/Building
rent increase dispute,Rent/Building
no rent receipt given,Rent/Building
fake rent receipt,Rent/Building
rent fraud,Rent/Building
double rent charged,Rent/Building
maintenance issue in building,Rent/Building
lift not working,Rent/Building
elevator breakdown,Rent/Building
lift stuck,Rent/Building
lift unsafe,Rent/Building
lift accident,Rent/Building
lift service delay,Rent/Building
staircase damaged,Rent/Building
stairs broken,Rent/Building
stairs unsafe,Rent/Building
corridor lights not working,Rent/Building
building gate broken,Rent/Building
main door damaged,Rent/Building
security guard absent,Rent/Building
no security in building,Rent/Building
watchman missing,Rent/Building
security issue,Rent/Building
fire exit blocked,Rent/Building
emergency exit locked,Rent/Building
parking dispute,Rent/Building
parking space taken,Rent/Building
no parking for tenants,Rent/Building
illegal parking in building,Rent/Building
parking slot encroached,Rent/Building
common area misuse,Rent/Building
common hall locked,Rent/Building
common space dispute,Rent/Building
gym equipment broken,Rent/Building
clubhouse closed,Rent/Building
swimming pool dirty,Rent/Building
pool closed without reason,Rent/Building
water leak in apartment,Rent/Building
pipe burst in flat,Rent/Building
ceiling leak,Rent/Building
roof water seepage,Rent/Building
water damage to walls,Rent/Building
mold in flat,Rent/Building
damp walls,Rent/Building
paint peeling,Rent/Building
broken window,Rent/Building
window lock broken,Rent/Building
door broken,Rent/Building
door lock faulty,Rent/Building
door handle broken,Rent/Building
tiles broken,Rent/Building
floor damaged,Rent/Building
marble crack,Rent/Building
wood flooring damaged,Rent/Building
false ceiling damage,Rent/Building
kitchen slab crack,Rent/Building
sink leakage,Rent/Building
toilet leak,Rent/Building
toilet flush not working,Rent/Building
bathroom tiles broken,Rent/Building
bathroom seepage,Rent/Building
bathtub cracked,Rent/Building
shower not working,Rent/Building
geyser not working,Rent/Building
plumbing issue in flat,Rent/Building
electrical fault in apartment,Rent/Building
wiring exposed,Rent/Building
switchboard spark,Rent/Building
switch not working,Rent/Building
fan not working,Rent/Building
light not working,Rent/Building
AC not cooling,Rent/Building
AC water leak,Rent/Building
heater faulty,Rent/Building
intercom not working,Rent/Building
doorbell not working,Rent/Building
balcony railing broken,Rent/Building
balcony unsafe,Rent/Building
terrace leak,Rent/Building
terrace unsafe,Rent/Building
roof tiles broken,Rent/Building
boundary wall broken,Rent/Building
compound wall crack,Rent/Building
gate lock broken,Rent/Building
building paint peeling,Rent/Building
building wall crack,Rent/Building
building structure weak,Rent/Building
structural damage,Rent/Building
building needs renovation,Rent/Building
illegal floor construction,Rent/Building
extra floor without approval,Rent/Building
building not approved,Rent/Building
illegal extension,Rent/Building
building not as per plan,Rent/Building
building completion certificate missing,Rent/Building
occupancy certificate missing,Rent/Building
building unsafe for living,Rent/Building
evacuation needed,Rent/Building
building leaning,Rent/Building
building collapse risk,Rent/Building
cracks in pillar,Rent/Building
pillar damaged,Rent/Building
beam crack,Rent/Building
beam damage,Rent/Building
foundation sinking,Rent/Building
foundation crack,Rent/Building
basement flooding,Rent/Building
basement leak,Rent/Building
basement unsafe,Rent/Building
storage room leak,Rent/Building
store room damaged,Rent/Building
shop in building unsafe,Rent/Building
illegal shops in building,Rent/Building
illegal godown in building,Rent/Building
commercial activity in residential building,Rent/Building
unauthorized office in building,Rent/Building
noise in building,Rent/Building
neighbour disturbance,Rent/Building
illegal activities in building,Rent/Building
gambling in building,Rent/Building
drinking in common area,Rent/Building
smoking in building,Rent/Building
illegal hostel in building,Rent/Building
PG safety issue,Rent/Building
PG overcrowded,Rent/Building
PG overcharging,Rent/Building
PG unsafe,Rent/Building
unauthorized PG,Rent/Building


# ------------------- TRAFFIC -------------------
traffic jam,Traffic
bahut traffic hai,Traffic
signal broken,Traffic
road block,Traffic
signal light fail,Traffic
traffic light not working,Traffic
road jam,Traffic
signal not working,Traffic
traffic block,Traffic
traffic,Traffic
jam,Traffic
road signal fail,Traffic
intersection jam,Traffic
traffic halt,Traffic
traffic slow,Traffic
vehicle stuck,Traffic
signal delay,Traffic
road congestion,Traffic
traffic heavy,Traffic
long queue,Traffic
fire hydrant blocked,Fire Safety
fire extinguisher missing,Fire Safety
fire alarm broken,Fire Safety
fire escape blocked,Fire Safety
smoke in building,Fire Safety
fire hazard,Fire Safety
hydrant band hai,Fire Safety
aag,Fire Safety
smoke,Fire Safety
fire,Fire Safety
alarm,Fire Safety
hydrant,Fire Safety
flame,Fire Safety
burning smell,Fire Safety
heat issue,Fire Safety
fire exit blocked,Fire Safety
fire drill fail,Fire Safety
emergency fire,Fire Safety
flames,Fire Safety
fire problem,Fire Safety
fire extinguisher expired,Fire Safety
fire extinguisher not working,Fire Safety
fire alarm not ringing,Fire Safety
fire detector faulty,Fire Safety
smoke detector not working,Fire Safety
fire alarm false alert,Fire Safety
fire alarm disconnected,Fire Safety
fire escape door locked,Fire Safety
emergency exit jammed,Fire Safety
emergency door blocked,Fire Safety
fire staircase blocked,Fire Safety
fire escape path obstructed,Fire Safety
emergency route unclear,Fire Safety
fire exit sign missing,Fire Safety
fire exit light off,Fire Safety
fire extinguisher bracket broken,Fire Safety
fire hose damaged,Fire Safety
fire hose missing,Fire Safety
fire hydrant leaking,Fire Safety
hydrant not connected,Fire Safety
hydrant not functional,Fire Safety
sprinkler system not working,Fire Safety
sprinkler pipe leak,Fire Safety
sprinkler head broken,Fire Safety
fire suppression system not working,Fire Safety
no fire alarm installed,Fire Safety
no fire safety system,Fire Safety
fire system maintenance pending,Fire Safety
fire inspection overdue,Fire Safety
fire NOC expired,Fire Safety
fire safety audit pending,Fire Safety
fire escape door rusted,Fire Safety
emergency door not opening,Fire Safety
exit door stuck,Fire Safety
emergency lock jammed,Fire Safety
fire alarm panel error,Fire Safety
fire control room unmanned,Fire Safety
fire control system failure,Fire Safety
heat detector faulty,Fire Safety
heat alarm not working,Fire Safety
burning smell in lift,Fire Safety
burning smell in corridor,Fire Safety
burning smell from wiring,Fire Safety
electrical fire risk,Fire Safety
short circuit fire,Fire Safety
electric spark in meter room,Fire Safety
electric spark in panel,Fire Safety
electric spark in wiring,Fire Safety
fan burning smell,Fire Safety
AC burning smell,Fire Safety
kitchen fire risk,Fire Safety
gas stove fire,Fire Safety
gas leak fire hazard,Fire Safety
cylinder blast risk,Fire Safety
candle fire hazard,Fire Safety
matchstick fire hazard,Fire Safety
lighter fire hazard,Fire Safety
petrol storage fire risk,Fire Safety
diesel leak fire risk,Fire Safety
chemical storage fire hazard,Fire Safety
paint storage fire hazard,Fire Safety
flammable liquid storage,Fire Safety
flammable gas storage,Fire Safety
combustible material storage,Fire Safety
wood storage fire risk,Fire Safety
paper storage fire risk,Fire Safety
cardboard storage fire risk,Fire Safety
cloth storage fire risk,Fire Safety
curtain fire risk,Fire Safety
sofa fire hazard,Fire Safety
mattress fire hazard,Fire Safety
fire near transformer,Fire Safety
fire near electric pole,Fire Safety
fire near substation,Fire Safety
fire near petrol pump,Fire Safety
fire near gas station,Fire Safety
fire near chemical plant,Fire Safety
factory fire hazard,Fire Safety
warehouse fire hazard,Fire Safety
godown fire hazard,Fire Safety
shop fire hazard,Fire Safety
mall fire hazard,Fire Safety
school fire hazard,Fire Safety
hospital fire hazard,Fire Safety
hotel fire hazard,Fire Safety
restaurant fire hazard,Fire Safety
office fire hazard,Fire Safety
cinema fire hazard,Fire Safety
auditorium fire hazard,Fire Safety
stadium fire hazard,Fire Safety
public gathering fire risk,Fire Safety
festival fire risk,Fire Safety
stage fire hazard,Fire Safety
event fire hazard,Fire Safety
firecrackers fire hazard,Fire Safety
Diwali fire hazard,Fire Safety
Holi fire hazard,Fire Safety
New Year fire hazard,Fire Safety
fire drill not conducted,Fire Safety
fire training not given,Fire Safety
fire safety staff absent,Fire Safety
fire fighting team not available,Fire Safety
fire truck delayed,Fire Safety
fire engine not arriving,Fire Safety
fire brigade late,Fire Safety
fire water tank empty,Fire Safety
fire pump not working,Fire Safety
fire pump switch faulty,Fire Safety
fire control valve stuck,Fire Safety
fire damper not closing,Fire Safety
smoke vent jammed,Fire Safety
smoke exhaust fan not working,Fire Safety
fire escape ladder missing,Fire Safety
fire escape ladder broken,Fire Safety
fire escape rope missing,Fire Safety
fire blanket missing,Fire Safety
fire bucket empty,Fire Safety
fire bucket missing,Fire Safety
fire sand bucket missing,Fire Safety
fire sand bucket empty,Fire Safety
fire extinguisher glass broken,Fire Safety
fire extinguisher cabinet open,Fire Safety
fire extinguisher stolen,Fire Safety
fire extinguisher blocked,Fire Safety
fire alarm battery low,Fire Safety
fire alarm battery missing,Fire Safety
fire panel battery dead,Fire Safety
smoke detector battery low,Fire Safety
smoke detector battery dead,Fire Safety
heat detector battery low,Fire Safety
emergency light not working,Fire Safety
emergency torch missing,Fire Safety
emergency kit missing,Fire Safety
emergency kit incomplete,Fire Safety
traffic jam,Traffic
bahut traffic hai,Traffic
signal broken,Traffic
road block,Traffic
signal light fail,Traffic
traffic light not working,Traffic
road jam,Traffic
signal not working,Traffic
traffic block,Traffic
traffic,Traffic
jam,Traffic
road signal fail,Traffic
intersection jam,Traffic
traffic halt,Traffic
traffic slow,Traffic
vehicle stuck,Traffic
signal delay,Traffic
road congestion,Traffic
traffic heavy,Traffic
long queue,Traffic
signal down,Traffic
signal kaam nahi kar raha,Traffic
traffic ka jam,Traffic
signal red atka hua,Traffic
traffic light blink ho rahi,Traffic
traffic signal dead,Traffic
road closed,Traffic
bridge blocked,Traffic
flyover jam,Traffic
highway jam,Traffic
expressway blocked,Traffic
toll plaza jam,Traffic
railway crossing jam,Traffic
barrier down traffic,Traffic
crossroad jam,Traffic
roundabout jam,Traffic
diversion pe jam,Traffic
accident ke kaaran jam,Traffic
road accident traffic,Traffic
truck overturned traffic,Traffic
bus breakdown traffic,Traffic
car breakdown jam,Traffic
construction se jam,Traffic
road repair jam,Traffic
drain work jam,Traffic
pothole se traffic slow,Traffic
heavy rain traffic,Traffic
flooded road jam,Traffic
snow road jam,Traffic
fog traffic slow,Traffic
mist road block,Traffic
police checkpost jam,Traffic
RTO check se jam,Traffic
VIP movement se jam,Traffic
minister visit jam,Traffic
political rally jam,Traffic
protest rally jam,Traffic
morcha ke kaaran traffic,Traffic
strike rally jam,Traffic
marriage procession jam,Traffic
baarat jam,Traffic
festival traffic,Traffic
Diwali market jam,Traffic
Eid bazaar traffic,Traffic
Christmas rush traffic,Traffic
New Year jam,Traffic
Ganpati visarjan jam,Traffic
Navratri garba traffic,Traffic
Durga puja pandal jam,Traffic
Baisakhi mela jam,Traffic
Kumbh mela traffic,Traffic
fairground traffic,Traffic
sports event jam,Traffic
stadium match traffic,Traffic
cricket match jam,Traffic
football match traffic,Traffic
concert traffic,Traffic
movie premiere jam,Traffic
shooting location traffic,Traffic
film shoot road block,Traffic
bike rally traffic,Traffic
car rally traffic,Traffic
cycle race traffic,Traffic
marathon traffic,Traffic
pedestrian crossing jam,Traffic
jaywalking se traffic,Traffic
animal crossing jam,Traffic
cow road block,Traffic
buffalo road block,Traffic
dog road block,Traffic
monkey road jam,Traffic
camel road block,Traffic
elephant road jam,Traffic
bullock cart road block,Traffic
tractor road jam,Traffic
tempo road jam,Traffic
rickshaw jam,Traffic
auto rickshaw block,Traffic
bus stand jam,Traffic
taxi stand jam,Traffic
parking se road block,Traffic
double parking jam,Traffic
wrong parking se jam,Traffic
no parking zone me gaadi,Traffic
parked truck road block,Traffic
parked bus road block,Traffic
parked tempo road block,Traffic
delivery van road block,Traffic
loading unloading se jam,Traffic
market area traffic,Traffic
bazaar road jam,Traffic
mall traffic,Traffic
shopping complex jam,Traffic
restaurant area traffic,Traffic
street food jam,Traffic
hawker zone traffic,Traffic
vendor road block,Traffic
weekly market jam,Traffic
sabzi mandi traffic,Traffic
wholesale market jam,Traffic
industrial area jam,Traffic
factory shift change traffic,Traffic
office hours jam,Traffic
school time jam,Traffic
college time jam,Traffic
exam centre traffic,Traffic
hospital road jam,Traffic
ambulance stuck traffic,Traffic
fire truck stuck jam,Traffic
police van stuck traffic,Traffic
VIP convoy road block,Traffic
governor visit jam,Traffic
prime minister visit traffic,Traffic
president visit traffic,Traffic
chief minister visit jam,Traffic
MLA visit jam,Traffic
MP visit traffic,Traffic
film star visit jam,Traffic
celebrity visit traffic,Traffic
politician visit traffic,Traffic
religious leader visit jam,Traffic
roadside accident crowd,Traffic
spectator crowd jam,Traffic
road show jam,Traffic
bike stunt jam,Traffic
street racing jam,Traffic
illegal racing jam,Traffic
drag race traffic,Traffic
donkey cart road jam,Traffic
horse carriage traffic,Traffic
tanga road block,Traffic
metro construction jam,Traffic
flyover construction jam,Traffic
bridge repair traffic,Traffic
road widening jam,Traffic
pavement work jam,Traffic
pipeline repair jam,Traffic
cable laying traffic,Traffic
manhole repair jam,Traffic
sewer repair traffic,Traffic
water pipe repair jam,Traffic
gas pipeline repair jam,Traffic
electric work road block,Traffic
pole installation jam,Traffic
tree cutting road jam,Traffic
tree fall traffic block,Traffic
fallen pole road jam,Traffic
fallen wire road block,Traffic
open manhole traffic,Traffic

dikkat ho raha h raaasta pr bhot,Road Maintenance
ligt anahi aa rahi h,Electricity
ghar m pani aa rha h road se,Road Maintenance
pani nahi aa raha ghar pr,Water Supply
aaj bijli nahi aayi 2 ghante se,Electricity
there is pothole in front of stationary shop,Road Maintenance
raaasta pr dikkat h,Road Maintenance
raaasta pr hai,Road Maintenance
raaasta pr dikkat h,Road Maintenance
dikkat ho raha h raaasta pr bhot,Road Maintenance
dikkat ho raha h raaasta pr bhot,Road Maintenance
dikkat ho raha h raaasta pr bhot,Road Maintenance
dikkat ho raha h raaasta pr bhot,Road Maintenance
dikkat ho raha h raaasta pr bhot,Road Maintenance
dikkat ho raha h raaasta pr bhot,Road Maintenance
dikkat ho raha h raaasta pr bhot,Road Maintenance
dikkat ho raha h raaasta pr bhot jaada yar,Road Maintenance
dikkat ho raha h raaasta pr bhot,Road Maintenance
dikkat ho raha h raaasta pr bhot,Road Maintenance
paani ka  issue hai,Water Supply
paani kam hai,Water Supply
bijli nahi aa rahi hai,Electricity
paani nahi aa raha,Water Supply
